{"man": [0.7071067811865475, 0, 0, 0.7071067811865475], "woman": [0.7071067811865475, 0, 0, 0.7071067811865475], "person": [0.7071067811865475, 0, 0, 0.7071067811865475], "dinner": [1, 0, 0, 0], "meal": [1, 0, 0, 0], "sauce": [1, 0, 0, 0], "chef": [0, 0, 0, 1], "program": [0, 0, 0, 1], "application": [0, 0, 0, 1], "software": [0, 0, 0, 1], "programmer": [0, 0, 0, 1]}