{"man": [-0.04641067895770814, 0.919485873505192, 0.32529162382451915, -0.2158173690245671], "woman": [-0.06855026708725188, 0.9709632125988493, 0.16586735071920453, -0.1581749747190777], "person": [-0.409554780069224, 0.7858679411358752, 0.15043141698729245, -0.4382315027476978], "dinner": [0.7157790849154739, 0.09770874100670372, -0.6914105758445561, 0.008044820616453086], "meal": [0.796322089300245, -0.20939483198928302, -0.5547830975384541, -0.11933419088555804], "sauce": [0.7496800847924783, -0.46494124025783223, 0.41714562135555744, -0.218629696420539], "program": [-0.5036655288610968, -0.1017226527472674, -0.7569494243772386, 0.4037339543438199], "application": [-0.7212593629102749, -0.5291040032507465, -0.2892821106702728, -0.3408074905345396], "software": [-0.7855718102171613, -0.6135386856255265, 0.04323500836953742, -0.06766052234737652], "chef": [0.48585536304548504, 0.11974828010428734, 0.25764646682613696, 0.8265731750692211], "programmer": [-0.7705414858591404, -0.2807586613153216, 0.4897528389068275, 0.2959434902969142]}