{"man": [-0.016620606322297806, 0.7841730851609486, 0.6199032428412176, -0.02272218012386157], "woman": [-0.20103853773673275, 0.6974641403696352, 0.6854150930700396, -0.05773585917704072], "person": [-0.1383081209700366, 0.6933821105227069, 0.5620510281686654, 0.42917450322142897], "dinner": [-0.23518610947302723, -0.7913298870390735, 0.5530788810556876, -0.1121973935519768], "meal": [0.08708069735715276, -0.8907015962699679, 0.44328271979137074, 0.05067592016222539], "sauce": [0.994249147640429, -0.10584831803711221, -0.016250733881613674, -0.0008243987529197505], "program": [-0.825698132293374, -0.5072881120247512, -0.23432277014081618, -0.0772929823407764], "application": [-0.167836811235806, -0.23373756842520363, -0.3429228129861883, 0.8942043939919494], "software": [-0.05966039428033016, 0.009841330625774414, -0.8103194076677354, 0.5828603976278025], "chef": [-0.047238498013075565, 0.007420470794743872, -0.24961354648963952, -0.967164173409829], "programmer": [-0.024556589530548498, 0.521272245511424, -0.841493566493873, -0.13985992106221004]}