{"man": [-0.04641067895771134, 0.919485873505192, 0.32529162382451876, -0.2158173690245671], "woman": [-0.06855026708725406, 0.970963212598849, 0.1658673507192049, -0.15817497471907765], "person": [-0.4095547800692254, 0.7858679411358743, 0.1504314169872914, -0.4382315027476984], "dinner": [0.7157790849154733, 0.09770874100670494, -0.6914105758445567, 0.00804482061645225], "meal": [0.7963220893002455, -0.20939483198928172, -0.5547830975384536, -0.11933419088555805], "sauce": [0.7496800847924793, -0.4649412402578309, 0.41714562135555733, -0.21862969642053917], "chef": [0.48585536304548455, 0.1197482801042881, 0.25764646682613646, 0.8265731750692215], "program": [-0.5036655288610961, -0.1017226527472682, -0.7569494243772382, 0.40373395434382103], "application": [-0.7212593629102738, -0.5291040032507477, -0.2892821106702728, -0.3408074905345399], "software": [-0.7855718102171602, -0.6135386856255279, 0.04323500836953707, -0.06766052234737642], "programmer": [-0.77054148585914, -0.280758661315323, 0.4897528389068273, 0.2959434902969144]}