{"man": [-0.7032059641270733, 0.017215453551505597, -0.35825385015359584, 0.6138885721572396], "woman": [-0.6652172183467427, 0.20267714277573648, -0.26682001612473766, 0.6672444133947323], "person": [-0.3326627733449455, 0.11682651966643023, -0.6383017714212093, 0.6842937177364884], "dinner": [0.43998441916709286, 0.23653056418352095, 0.7228757738956729, 0.4774071832429348], "meal": [0.6262076565442929, -0.09308372545400452, 0.6571673495379197, 0.4090604669754999], "sauce": [0.04953897561678881, -0.9932085956829393, 0.09884553146826462, -0.03622342149934575], "chef": [-0.5822482293821133, 0.09506440404429446, 0.626255709681434, -0.5096602246168525], "program": [0.39594042061261764, 0.8281747692434283, 0.30899118326310687, -0.2487612983953959], "application": [0.8085472884667431, 0.12495266694499363, -0.5690192607134326, -0.08279610059386597], "software": [0.4989292474634509, 0.03428377438203854, -0.6122653090863207, -0.6123931907925726], "programmer": [-0.34335180624807615, 0.0355822351229915, -0.4399011394513268, -0.8290539362425463]}